{"cost to exit": -11.721818381363047, "monster proximity": 1.015385846508058, "wall proximity": -1.418177566003128}