{"cost to exit": -1.083132968365996, "monster proximity": 0, "wall proximity": 0.9046013160105015, "edge proximity": 0, "explosion proximity": -2.062393804591068, "bomb proximity": 16.5674400587992}