{"cost to exit": 7.003801130184873, "monster proximity": -500, "wall proximity": -500, "edge proximity": -500, "explosion proximity": 0.0, "bomb proximity": 256.7172467259114}