{"cost to exit": 0, "monster proximity": 0, "wall proximity": 0, "explosion proximity": 0.8538004342942417, "bomb proximity": 3.3123543075784188}