{"cost to exit": 0, "monster proximity": 0, "wall proximity": 0, "explosion proximity": 0.006670284440273434, "bomb proximity": 14.147280349874098}